ペティオ CAT TOY けりぐるみ アオムシ(1コ入)【ペティオ(Petio)】,https://thumbnail.image.rakuten.co.jp/@0_mall/rakuten24/cabinet/915/4903588255915.jpg?_ex=128x128,https://item.rakuten.co.jp/rakuten24/4903588255915/
猫用おもちゃ ひんやりけりぐるみ スイカ(1個)【ペティオ(Petio)】,https://thumbnail.image.rakuten.co.jp/@0_mall/rakuten24/cabinet/009/4903588264009.jpg?_ex=128x128,https://item.rakuten.co.jp/rakuten24/4903588264009/
ペティオ 猫用おもちゃ おどる電動けりぐるみ ハニワ(1個)【ペティオ(Petio)】,https://thumbnail.image.rakuten.co.jp/@0_mall/rakuten24/cabinet/948/4903588264948.jpg?_ex=128x128,https://item.rakuten.co.jp/rakuten24/4903588264948/
ペティオ CAT TOY けりぐるみ キリン(1個)【ペティオ(Petio)】,https://thumbnail.image.rakuten.co.jp/@0_mall/rakuten24/cabinet/892/4903588255892.jpg?_ex=128x128,https://item.rakuten.co.jp/rakuten24/4903588255892/
ペティオ 仔猫用けりぐるみ 子エビ(1個)【ペティオ(Petio)】,https://thumbnail.image.rakuten.co.jp/@0_mall/rakuten24/cabinet/241/4903588262241.jpg?_ex=128x128,https://item.rakuten.co.jp/rakuten24/4903588262241/
猫用おもちゃ ひんやりけりぐるみ ペンギン マンゴー(1個)【ペティオ(Petio)】,https://thumbnail.image.rakuten.co.jp/@0_mall/rakuten24/cabinet/512/4903588267512.jpg?_ex=128x128,https://item.rakuten.co.jp/rakuten24/4903588267512/
蹴りまくら えび天(1コ入),https://thumbnail.image.rakuten.co.jp/@0_mall/rakuten24/cabinet/264/4589768243264.jpg?_ex=128x128,https://item.rakuten.co.jp/rakuten24/4589768243264/
ペティオ 猫用おもちゃ けりぐるみ タフレザー 最強のエビ(1個)【ペティオ(Petio)】,https://thumbnail.image.rakuten.co.jp/@0_mall/rakuten24/cabinet/979/4903588264979.jpg?_ex=128x128,https://item.rakuten.co.jp/rakuten24/4903588264979/
ペティオ けりぐるみ カラッと揚がったえび天(1個)【ペティオ(Petio)】,https://thumbnail.image.rakuten.co.jp/@0_mall/rakuten24/cabinet/431/4903588269431.jpg?_ex=128x128,https://item.rakuten.co.jp/rakuten24/4903588269431/
ペティオ 猫用おもちゃ おどる電動けりぐるみ ビール(1個)【ペティオ(Petio)】,https://thumbnail.image.rakuten.co.jp/@0_mall/rakuten24/cabinet/955/4903588264955.jpg?_ex=128x128,https://item.rakuten.co.jp/rakuten24/4903588264955/
猫用おもちゃ ひんやりけりぐるみ パイナップル(1個)【ペティオ(Petio)】,https://thumbnail.image.rakuten.co.jp/@0_mall/rakuten24/cabinet/536/4903588267536.jpg?_ex=128x128,https://item.rakuten.co.jp/rakuten24/4903588267536/
ペティオ 仔猫用けりぐるみ 子ペンギン(1個)【ペティオ(Petio)】,https://thumbnail.image.rakuten.co.jp/@0_mall/rakuten24/cabinet/258/4903588262258.jpg?_ex=128x128,https://item.rakuten.co.jp/rakuten24/4903588262258/
ペティオ けりぐるみ エビ(1コ入)【ペティオ(Petio)】,https://tshop.r10s.jp/rakuten24/cabinet/088/4903588234088.jpg?downsize=500:*,https://item.rakuten.co.jp/rakuten24/e191093h/
