キャティーマン じゃれ猫 にゃウール ゆらポン(1個入*3個セット)【じゃれ猫】,https://thumbnail.image.rakuten.co.jp/@0_mall/rakuten24/cabinet/734/37734.jpg?_ex=128x128,https://item.rakuten.co.jp/rakuten24/37734/
猫じゃらしフワ玉 ヒモ付き CT-240(1本入),https://thumbnail.image.rakuten.co.jp/@0_mall/rakuten24/cabinet/998/4906456541998.jpg?_ex=128x128,https://item.rakuten.co.jp/rakuten24/4906456541998/
カシャカシャぶんぶん サカナ(1本入*3コセット),https://thumbnail.image.rakuten.co.jp/@0_mall/rakuten24/cabinet/956/37956.jpg?_ex=128x128,https://item.rakuten.co.jp/rakuten24/37956/
じゃれ猫 フワフワ ロング(1コ入*2コセット)【じゃれ猫】,https://thumbnail.image.rakuten.co.jp/@0_mall/rakuten24/cabinet/729/37729.jpg?_ex=128x128,https://item.rakuten.co.jp/rakuten24/37729/
ペティオ キャットトイ 猫用じゃらし ロングワーム(1コ入)【ペティオ(Petio)】,https://thumbnail.image.rakuten.co.jp/@0_mall/rakuten24/cabinet/044/4903588236044.jpg?_ex=128x128,https://item.rakuten.co.jp/rakuten24/e191123h/
猫じゃらし リボンつき(1セット),https://thumbnail.image.rakuten.co.jp/@0_mall/rakuten24/cabinet/240/4973597026240.jpg?_ex=128x128,https://item.rakuten.co.jp/rakuten24/e271147h/
ペティオ キャット・トイ 猫用じゃらし ふわふわボール(1コ入)【ペティオ(Petio)】,https://thumbnail.image.rakuten.co.jp/@0_mall/rakuten24/cabinet/132/4903588250132.jpg?_ex=128x128,https://item.rakuten.co.jp/rakuten24/e395508h/
まゆおどり びょんびょん(1コ入),https://thumbnail.image.rakuten.co.jp/@0_mall/rakuten24/cabinet/845/4984937665845.jpg?_ex=128x128,https://item.rakuten.co.jp/rakuten24/e367939h/
じゃれ猫 ふりふり三まい タンゴ(1コ入)【じゃれ猫】,https://thumbnail.image.rakuten.co.jp/@0_mall/rakuten24/cabinet/313/4976555844313.jpg?_ex=128x128,https://item.rakuten.co.jp/rakuten24/e102547h/
キャティーマン じゃれ猫 ゴージャスワイド アソートタイプ( 1本)【キャティーマン】,https://thumbnail.image.rakuten.co.jp/@0_mall/rakuten24/cabinet/788/4976555844788.jpg?_ex=128x128,https://item.rakuten.co.jp/rakuten24/4976555844788/
じゃれ猫 猫のお遊び草(2本入)【じゃれ猫】,https://thumbnail.image.rakuten.co.jp/@0_mall/rakuten24/cabinet/078/4976555844078.jpg?_ex=128x128,https://item.rakuten.co.jp/rakuten24/e102546h/
アドメイト キャットインザボックス じゃらしアタッチメント リアルフェザー ブラック(1コ入)【アドメイト(ADD.MATE)】,https://thumbnail.image.rakuten.co.jp/@0_mall/rakuten24/cabinet/785/4903588252785.jpg?_ex=128x128,https://item.rakuten.co.jp/rakuten24/e477629h/
ダ・ビー(1コ入),https://thumbnail.image.rakuten.co.jp/@0_mall/rakuten24/cabinet/094/759041001094.jpg?_ex=128x128,https://item.rakuten.co.jp/rakuten24/e444990h/
キャット キャッチャー(1コ入),https://thumbnail.image.rakuten.co.jp/@0_mall/rakuten24/cabinet/117/759041001117.jpg?_ex=128x128,https://item.rakuten.co.jp/rakuten24/e444991h/
キャティーマン じゃれ猫 猫のお好みじゃらし 交換用 ぶらぶらモール(1コ入)【じゃれ猫】,https://thumbnail.image.rakuten.co.jp/@0_mall/rakuten24/cabinet/511/4976555844511.jpg?_ex=128x128,https://item.rakuten.co.jp/rakuten24/e392345h/
カシャカシャぶんぶん ネズミ(1本入*3コセット),https://thumbnail.image.rakuten.co.jp/@0_mall/rakuten24/cabinet/957/37957.jpg?_ex=128x128,https://item.rakuten.co.jp/rakuten24/37957/
ループ ロッディーズ レインボースカイ(1個)【ループロッディーズ】,https://thumbnail.image.rakuten.co.jp/@0_mall/rakuten24/cabinet/863/4571357070863.jpg?_ex=128x128,https://item.rakuten.co.jp/rakuten24/4571357070863/
アニマルエッグ キャット マジカルスティック キジ(1本入)【アニマルエッグ】,https://thumbnail.image.rakuten.co.jp/@0_mall/rakuten24/cabinet/718/4979007815718.jpg?_ex=128x128,https://item.rakuten.co.jp/rakuten24/4979007815718/
キャティーマン じゃれ猫 猫のお好みじゃらし(1本入)【じゃれ猫】,https://thumbnail.image.rakuten.co.jp/@0_mall/rakuten24/cabinet/498/4976555844498.jpg?_ex=128x128,https://item.rakuten.co.jp/rakuten24/e392343h/
ペティオ ネココ ナチュラルじゃらしリボンフェザー(1コ入)【necoco(ネココ)】,https://thumbnail.image.rakuten.co.jp/@0_mall/rakuten24/cabinet/972/4903588250972.jpg?_ex=128x128,https://item.rakuten.co.jp/rakuten24/e444974h/
じゃれ猫 宙返り(1コ入*3コセット)【じゃれ猫】,https://thumbnail.image.rakuten.co.jp/@0_mall/rakuten24/cabinet/727/37727.jpg?_ex=128x128,https://item.rakuten.co.jp/rakuten24/37727/
キャット フライアー トンボ(1コ入),https://thumbnail.image.rakuten.co.jp/@0_mall/rakuten24/cabinet/015/628798002015.jpg?_ex=128x128,https://item.rakuten.co.jp/rakuten24/e444986h/
カシャカシャびょんびょん(1コ入),https://thumbnail.image.rakuten.co.jp/@0_mall/rakuten24/cabinet/708/4984937665708.jpg?_ex=128x128,https://item.rakuten.co.jp/rakuten24/e367935h/
カシャカシャぶんぶん ハチ(1本入*3コセット),https://thumbnail.image.rakuten.co.jp/@0_mall/rakuten24/cabinet/958/37958.jpg?_ex=128x128,https://item.rakuten.co.jp/rakuten24/37958/
猫じゃらしチューチュー ヒモ付き CT-238(1本入),https://thumbnail.image.rakuten.co.jp/@0_mall/rakuten24/cabinet/974/4906456541974.jpg?_ex=128x128,https://item.rakuten.co.jp/rakuten24/4906456541974/
カシャカシャじゃれる 小鳥(1本入*3コセット),https://thumbnail.image.rakuten.co.jp/@0_mall/rakuten24/cabinet/962/37962.jpg?_ex=128x128,https://item.rakuten.co.jp/rakuten24/37962/
カシャぶんスーパーロング バード(1本入),https://thumbnail.image.rakuten.co.jp/@0_mall/rakuten24/cabinet/746/4984937665746.jpg?_ex=128x128,https://item.rakuten.co.jp/rakuten24/e304160h/
NYANTA CLUB ピョコ猫じゃらし 猫の手三毛(1個)【NYANTA CLUB】,https://thumbnail.image.rakuten.co.jp/@0_mall/rakuten24/cabinet/159/4906456573159.jpg?_ex=128x128,https://item.rakuten.co.jp/rakuten24/4906456573159/
じゃれ猫 りぼんの舞(1個)【じゃれ猫】,https://thumbnail.image.rakuten.co.jp/@0_mall/rakuten24/cabinet/105/4976555845105.jpg?_ex=128x128,https://item.rakuten.co.jp/rakuten24/4976555845105/
まゆ歯みがきじゃらし(1本入*2コセット),https://thumbnail.image.rakuten.co.jp/@0_mall/rakuten24/cabinet/965/37965.jpg?_ex=128x128,https://item.rakuten.co.jp/rakuten24/37965/
キャティーマン じゃれ猫 びょーん チョウチョ(1コ入)【キャティーマン】,https://thumbnail.image.rakuten.co.jp/@0_mall/rakuten24/cabinet/453/4976555843453.jpg?_ex=128x128,https://item.rakuten.co.jp/rakuten24/e299236h/
カシャカシャじゃれる 金魚(1本入*3コセット),https://thumbnail.image.rakuten.co.jp/@0_mall/rakuten24/cabinet/959/37959.jpg?_ex=128x128,https://item.rakuten.co.jp/rakuten24/37959/
じゃれ猫 ブンブン トンボ(1コ入*4コセット)【じゃれ猫】,https://thumbnail.image.rakuten.co.jp/@0_mall/rakuten24/cabinet/737/37737.jpg?_ex=128x128,https://item.rakuten.co.jp/rakuten24/37737/
じゃれ猫 ふりふり三まい ワルツ(1コ入)【じゃれ猫】,https://thumbnail.image.rakuten.co.jp/@0_mall/rakuten24/cabinet/320/4976555844320.jpg?_ex=128x128,https://item.rakuten.co.jp/rakuten24/e102548h/
カシャカシャじゃれる お花(1本入*3コセット),https://thumbnail.image.rakuten.co.jp/@0_mall/rakuten24/cabinet/960/37960.jpg?_ex=128x128,https://item.rakuten.co.jp/rakuten24/37960/
カシャカシャじゃれる かぶと虫(1本入*3コセット),https://thumbnail.image.rakuten.co.jp/@0_mall/rakuten24/cabinet/961/37961.jpg?_ex=128x128,https://item.rakuten.co.jp/rakuten24/37961/
ペティオ らくらくデンタルトーイじゃらし バタフライ(1コ入)【ペティオ(Petio)】,https://thumbnail.image.rakuten.co.jp/@0_mall/rakuten24/cabinet/108/4903588248108.jpg?_ex=128x128,https://item.rakuten.co.jp/rakuten24/e335469h/
アニマルエッグ CAT キティーティーザーワンド フェザー(1個)【アニマルエッグ】,https://thumbnail.image.rakuten.co.jp/@0_mall/rakuten24/cabinet/111/4979007816111.jpg?_ex=128x128,https://item.rakuten.co.jp/rakuten24/4979007816111/
じゃれ猫 尾ながオドリ おサルのしっぽ(1コ入)【じゃれ猫】,https://thumbnail.image.rakuten.co.jp/@0_mall/rakuten24/cabinet/108/4976555844108.jpg?_ex=128x128,https://item.rakuten.co.jp/rakuten24/e020774h/
キャティーマン じゃれ猫 猫のお遊びカラ振る草(3本入)【キャティーマン】,https://thumbnail.image.rakuten.co.jp/@0_mall/rakuten24/cabinet/535/4976555844535.jpg?_ex=128x128,https://item.rakuten.co.jp/rakuten24/4976555844535/
キャティーマン じゃれ猫 猫のお遊びススキ草(2本入)【じゃれ猫】,https://thumbnail.image.rakuten.co.jp/@0_mall/rakuten24/cabinet/644/4976555843644.jpg?_ex=128x128,https://item.rakuten.co.jp/rakuten24/e286930h/
