キャティーマン じゃれ猫 暴走マウス(1コ入)【じゃれ猫】,https://thumbnail.image.rakuten.co.jp/@0_mall/rakuten24/cabinet/111/4976555842111.jpg?_ex=128x128,https://item.rakuten.co.jp/rakuten24/e020765h/
じゃれ猫 チューチュー ロング(1コ入)【じゃれ猫】,https://thumbnail.image.rakuten.co.jp/@0_mall/rakuten24/cabinet/095/4976555843095.jpg?_ex=128x128,https://item.rakuten.co.jp/rakuten24/e020770h/
ペティオ ワイルドマウス ちょろたんブルー(1個)【ペティオ(Petio)】,https://thumbnail.image.rakuten.co.jp/@0_mall/rakuten24/cabinet/604/4903588267604.jpg?_ex=128x128,https://item.rakuten.co.jp/rakuten24/4903588267604/
ペティオ ワイルドマウス ちょろたんオレンジ(1個)【ペティオ(Petio)】,https://thumbnail.image.rakuten.co.jp/@0_mall/rakuten24/cabinet/611/4903588267611.jpg?_ex=128x128,https://item.rakuten.co.jp/rakuten24/4903588267611/
じゃれ猫 チューカルテット(4コ入)【じゃれ猫】,https://thumbnail.image.rakuten.co.jp/@0_mall/rakuten24/cabinet/944/4976555842944.jpg?_ex=128x128,https://item.rakuten.co.jp/rakuten24/j110520h/
ニャンタクラブ ニャン太の猫じゃらし チューチュー ヒモ付き+ネズミ2匹(1コ入)【ニャン太】,https://thumbnail.image.rakuten.co.jp/@0_mall/rakuten24/cabinet/412/4906456562412.jpg?_ex=128x128,https://item.rakuten.co.jp/rakuten24/e501650h/
ペティオ ぷろぺらじゃらし グリーンフェザー(1コ入)【ペティオ(Petio)】,https://thumbnail.image.rakuten.co.jp/@0_mall/rakuten24/cabinet/460/4903588234460.jpg?_ex=128x128,https://item.rakuten.co.jp/rakuten24/e191100h/
ペティオ ワイルドマウス ちょろたんレッド(1個)【ペティオ(Petio)】,https://thumbnail.image.rakuten.co.jp/@0_mall/rakuten24/cabinet/598/4903588267598.jpg?_ex=128x128,https://item.rakuten.co.jp/rakuten24/4903588267598/
ペットステージ デンタル・チューマウス(2コ入),https://thumbnail.image.rakuten.co.jp/@0_mall/rakuten24/cabinet/274/871864003274.jpg?_ex=128x128,https://item.rakuten.co.jp/rakuten24/x762230h/
ゴーゴーマウス2(1コ入),https://thumbnail.image.rakuten.co.jp/@0_mall/rakuten24/cabinet/473/4906456556473.jpg?_ex=128x128,https://item.rakuten.co.jp/rakuten24/e444884h/
NYANTA CLUB ゴーゴーくるくるマウス(1個)【NYANTA CLUB】,https://thumbnail.image.rakuten.co.jp/@0_mall/rakuten24/cabinet/783/4906456567783.jpg?_ex=128x128,https://item.rakuten.co.jp/rakuten24/4906456567783/
じゃれ猫 チューダース(12コ入)【じゃれ猫】,https://thumbnail.image.rakuten.co.jp/@0_mall/rakuten24/cabinet/920/4976555842920.jpg?_ex=128x128,https://item.rakuten.co.jp/rakuten24/j110530h/
パニックマウス19+1 CT-241(20コ入),https://thumbnail.image.rakuten.co.jp/@0_mall/rakuten24/cabinet/001/4906456542001.jpg?_ex=128x128,https://item.rakuten.co.jp/rakuten24/4906456542001/
ニャン太クラブ ニャン太のぶるぶるマウス CT-243(1コ入)【ニャン太】,https://thumbnail.image.rakuten.co.jp/@0_mall/rakuten24/cabinet/025/4906456542025.jpg?_ex=128x128,https://item.rakuten.co.jp/rakuten24/e376512h/
キャティーマン ネズミごっこ(1コ入*2コセット)【キャティーマン】,https://thumbnail.image.rakuten.co.jp/@0_mall/rakuten24/cabinet/723/37723.jpg?_ex=128x128,https://item.rakuten.co.jp/rakuten24/37723/
ループ・ライトレーベル ミニマウス(1コ入),https://thumbnail.image.rakuten.co.jp/@0_mall/rakuten24/cabinet/036/4571357065036.jpg?_ex=128x128,https://item.rakuten.co.jp/rakuten24/4571357065036/
ねこモテ NM 水玉マウス NMC-04MM(1コ入)【ねこモテ】,https://thumbnail.image.rakuten.co.jp/@0_mall/rakuten24/cabinet/131/4975023658131.jpg?_ex=128x128,https://item.rakuten.co.jp/rakuten24/e382495h/
じゃれ猫 ベビーマウス(5コ入*2コセット)【じゃれ猫】,https://thumbnail.image.rakuten.co.jp/@0_mall/rakuten24/cabinet/730/37730.jpg?_ex=128x128,https://item.rakuten.co.jp/rakuten24/37730/
