スチームパンク サウンドバード(1個)【スーパーキャット】,https://thumbnail.image.rakuten.co.jp/@0_mall/rakuten24/cabinet/745/4973640700745.jpg?_ex=128x128,https://item.rakuten.co.jp/rakuten24/4973640700745/
ねこモテ 歯みがきトイ02 スター NMDT-02/ST(1コ入)【ねこモテ】,https://thumbnail.image.rakuten.co.jp/@0_mall/rakuten24/cabinet/972/4975023680972.jpg?_ex=128x128,https://item.rakuten.co.jp/rakuten24/e503370h/
キャティーマン じゃれ猫 にゃんコプター(1コ入)【じゃれ猫】,https://thumbnail.image.rakuten.co.jp/@0_mall/rakuten24/cabinet/972/4976555843972.jpg?_ex=128x128,https://item.rakuten.co.jp/rakuten24/e408675h/
キャティーマン 猫ちゃんテンション爆アゲBOX(1個)【キャティーマン】,https://thumbnail.image.rakuten.co.jp/@0_mall/rakuten24/cabinet/280/4976555845280.jpg?_ex=128x128,https://item.rakuten.co.jp/rakuten24/4976555845280/
バブルキャットガン イエロー(1セット),https://thumbnail.image.rakuten.co.jp/@0_mall/rakuten24/cabinet/139/4995723901139.jpg?_ex=128x128,https://item.rakuten.co.jp/rakuten24/4995723901139/
にゃんWOOD(1個)【スーパーキャット】,https://thumbnail.image.rakuten.co.jp/@0_mall/rakuten24/cabinet/585/4973640700585.jpg?_ex=128x128,https://item.rakuten.co.jp/rakuten24/4973640700585/
ループファニーズ ミスティックバード グレー(1個)【ループファニーズ】,https://thumbnail.image.rakuten.co.jp/@0_mall/rakuten24/cabinet/838/4571357078838.jpg?_ex=128x128,https://item.rakuten.co.jp/rakuten24/4571357078838/
コメット 国産ハミガキおもちゃ たい焼き＆どら焼きミニセット(1セット)【コメット(ペット用品)】,https://thumbnail.image.rakuten.co.jp/@0_mall/rakuten24/cabinet/847/4971453055847.jpg?_ex=128x128,https://item.rakuten.co.jp/rakuten24/4971453055847/
キャッチ・ミー・イフ・ユー・キャン2(1個入),https://thumbnail.image.rakuten.co.jp/@0_mall/rakuten24/cabinet/519/876173003519.jpg?_ex=128x128,https://item.rakuten.co.jp/rakuten24/e435761h/
ループファニーズ インベーダー パープル(1個)【ループファニーズ】,https://thumbnail.image.rakuten.co.jp/@0_mall/rakuten24/cabinet/696/4571357067696.jpg?_ex=128x128,https://item.rakuten.co.jp/rakuten24/4571357067696/
ダンシングフィッシュ クマノミ 本体(1個),https://thumbnail.image.rakuten.co.jp/@0_mall/rakuten24/cabinet/141/4960222131141.jpg?_ex=128x128,https://item.rakuten.co.jp/rakuten24/4960222131141/
NYANTA CLUB ゴーゴーてくてくイモムシ(1個)【NYANTA CLUB】,https://thumbnail.image.rakuten.co.jp/@0_mall/rakuten24/cabinet/776/4906456567776.jpg?_ex=128x128,https://item.rakuten.co.jp/rakuten24/4906456567776/
ループ ファニーズ メリーズアウル(1個)【ループファニーズ】,https://thumbnail.image.rakuten.co.jp/@0_mall/rakuten24/cabinet/856/4571357070856.jpg?_ex=128x128,https://item.rakuten.co.jp/rakuten24/4571357070856/
ねこモテ ケリケリにゃー マクラ(1個)【ねこモテ】,https://thumbnail.image.rakuten.co.jp/@0_mall/rakuten24/cabinet/803/4994527917803.jpg?_ex=128x128,https://item.rakuten.co.jp/rakuten24/4994527917803/
ループファニーズ パッズ キャラメル(1個)【ループファニーズ】,https://thumbnail.image.rakuten.co.jp/@0_mall/rakuten24/cabinet/920/4571357078920.jpg?_ex=128x128,https://item.rakuten.co.jp/rakuten24/4571357078920/
キャティーマン 七転び八起き(1コ入*2コセット)【キャティーマン】,https://thumbnail.image.rakuten.co.jp/@0_mall/rakuten24/cabinet/728/37728.jpg?_ex=128x128,https://item.rakuten.co.jp/rakuten24/37728/
プレイ フィーラインフレンジ ガーデンフレッシュ(1セット)【プレイ(P.L.A.Y)】,https://thumbnail.image.rakuten.co.jp/@0_mall/rakuten24/cabinet/717/817152016717.jpg?_ex=128x128,https://item.rakuten.co.jp/rakuten24/817152016717/
コロコロボール ミルキーパック(8コ入),https://thumbnail.image.rakuten.co.jp/@0_mall/rakuten24/cabinet/187/4589974550187.jpg?_ex=128x128,https://item.rakuten.co.jp/rakuten24/4589974550187/
お魚ピチピチ サバ(1個),https://thumbnail.image.rakuten.co.jp/@0_mall/rakuten24/cabinet/863/4570084520863.jpg?_ex=128x128,https://item.rakuten.co.jp/rakuten24/4570084520863/
プレイ フィーラインフレンジ マウス(1セット)【プレイ(P.L.A.Y)】,https://thumbnail.image.rakuten.co.jp/@0_mall/rakuten24/cabinet/687/817152016687.jpg?_ex=128x128,https://item.rakuten.co.jp/rakuten24/817152016687/
ひっかけてカシャビョ〜ン玉(1コ入),https://thumbnail.image.rakuten.co.jp/@0_mall/rakuten24/cabinet/784/4984937665784.jpg?_ex=128x128,https://item.rakuten.co.jp/rakuten24/e304164h/
またたびオクトパス CT-431(1コ入)【ニャン太】,https://thumbnail.image.rakuten.co.jp/@0_mall/rakuten24/cabinet/365/4906456563365.jpg?_ex=128x128,https://item.rakuten.co.jp/rakuten24/e522597h/
ループファニーズ フォレストバード ブルー(1個)【ループファニーズ】,https://thumbnail.image.rakuten.co.jp/@0_mall/rakuten24/cabinet/791/4571357078791.jpg?_ex=128x128,https://item.rakuten.co.jp/rakuten24/4571357078791/
ゴロニャンにっぷるー ねこ(1コ入),https://thumbnail.image.rakuten.co.jp/@0_mall/rakuten24/cabinet/863/4973640411863.jpg?_ex=128x128,https://item.rakuten.co.jp/rakuten24/e445013h/
ドギーマン 全身マッサー術 にゃんこの癒し(1コ入)【キャティーマン】,https://thumbnail.image.rakuten.co.jp/@0_mall/rakuten24/cabinet/873/4976555830873.jpg?_ex=128x128,https://item.rakuten.co.jp/rakuten24/4976555830873/
ループファニーズ パッズ グレー(1個)【ループファニーズ】,https://thumbnail.image.rakuten.co.jp/@0_mall/rakuten24/cabinet/937/4571357078937.jpg?_ex=128x128,https://item.rakuten.co.jp/rakuten24/4571357078937/
キャティット スーパーサーキットN(1コ入)【catit】,https://thumbnail.image.rakuten.co.jp/@0_mall/rakuten24/cabinet/855/4972547925855.jpg?_ex=128x128,https://item.rakuten.co.jp/rakuten24/4972547925855/
ループロッディーズ ミスティックボール グレー(1個)【ループロッディーズ】,https://thumbnail.image.rakuten.co.jp/@0_mall/rakuten24/cabinet/876/4571357078876.jpg?_ex=128x128,https://item.rakuten.co.jp/rakuten24/4571357078876/
ループ キャットフレンディ ラッコ(1個)【ループ】,https://thumbnail.image.rakuten.co.jp/@0_mall/rakuten24/cabinet/661/4571357078661.jpg?_ex=128x128,https://item.rakuten.co.jp/rakuten24/4571357078661/
ループ キャットフレンディ サカナ(1個)【ループ】,https://thumbnail.image.rakuten.co.jp/@0_mall/rakuten24/cabinet/678/4571357078678.jpg?_ex=128x128,https://item.rakuten.co.jp/rakuten24/4571357078678/
キャティット プレイサーキットN(1コ入)【catit】,https://thumbnail.image.rakuten.co.jp/@0_mall/rakuten24/cabinet/848/4972547925848.jpg?_ex=128x128,https://item.rakuten.co.jp/rakuten24/4972547925848/
プレイ フィーラインフレンジ ワーム(1セット)【プレイ(P.L.A.Y)】,https://thumbnail.image.rakuten.co.jp/@0_mall/rakuten24/cabinet/694/817152016694.jpg?_ex=128x128,https://item.rakuten.co.jp/rakuten24/817152016694/
ループロッディーズ ミスティックフライ グレー(1個)【ループロッディーズ】,https://thumbnail.image.rakuten.co.jp/@0_mall/rakuten24/cabinet/852/4571357078852.jpg?_ex=128x128,https://item.rakuten.co.jp/rakuten24/4571357078852/
ハーツ マカロンマウス ピンク(1個)【Hartz(ハーツ)】,https://thumbnail.image.rakuten.co.jp/@0_mall/rakuten24/cabinet/624/4562149052624.jpg?_ex=128x128,https://item.rakuten.co.jp/rakuten24/4562149052624/
ペティオ エビたっぷりのシャカシャカ通りぬけ袋(1個)【ペティオ(Petio)】,https://thumbnail.image.rakuten.co.jp/@0_mall/rakuten24/cabinet/455/4903588269455.jpg?_ex=128x128,https://item.rakuten.co.jp/rakuten24/4903588269455/
ループロッディーズ ミスティックフライ パープル(1個)【ループロッディーズ】,https://thumbnail.image.rakuten.co.jp/@0_mall/rakuten24/cabinet/869/4571357078869.jpg?_ex=128x128,https://item.rakuten.co.jp/rakuten24/4571357078869/
ゆらころカシャりん ホシ(1コ入*3コセット),https://thumbnail.image.rakuten.co.jp/@0_mall/rakuten24/cabinet/777/55777.jpg?_ex=128x128,https://item.rakuten.co.jp/rakuten24/55777/
ドギーマン じゃれ猫マタタビ ぐねぐねデンタル さかにゃん(1コ入*2コセット)【ドギーマン(Doggy Man)】,https://thumbnail.image.rakuten.co.jp/@0_mall/rakuten24/cabinet/502/54502.jpg?_ex=128x128,https://item.rakuten.co.jp/rakuten24/54502/
プレイ フィーラインフレンジ フリスキーボール(1個)【プレイ(P.L.A.Y)】,https://thumbnail.image.rakuten.co.jp/@0_mall/rakuten24/cabinet/731/817152016731.jpg?_ex=128x128,https://item.rakuten.co.jp/rakuten24/817152016731/
キャットプレイキューブ(1個),https://thumbnail.image.rakuten.co.jp/@0_mall/rakuten24/cabinet/892/404892.jpg?_ex=128x128,https://item.rakuten.co.jp/rakuten24/404892/
ナチュラル キャットトイ スティックタイプ ナチュラルトイ(1コ入),https://thumbnail.image.rakuten.co.jp/@0_mall/rakuten24/cabinet/308/4571305567308.jpg?_ex=128x128,https://item.rakuten.co.jp/rakuten24/4571305567308/
猫壱 バリバリボウルXL 交換用つめとぎ ダークブラウン(2個入*2セット)【猫壱】,https://thumbnail.image.rakuten.co.jp/@0_mall/rakuten24/cabinet/827/540827.jpg?_ex=128x128,https://item.rakuten.co.jp/rakuten24/540827/
ダンシングフィッシュ(1個),https://thumbnail.image.rakuten.co.jp/@0_mall/rakuten24/cabinet/127/4960222131127.jpg?_ex=128x128,https://item.rakuten.co.jp/rakuten24/4960222131127/
ペティオ エビのなりきりシャカシャカ通りぬけ袋(1個)【ペティオ(Petio)】,https://thumbnail.image.rakuten.co.jp/@0_mall/rakuten24/cabinet/448/4903588269448.jpg?_ex=128x128,https://item.rakuten.co.jp/rakuten24/4903588269448/
プレイ フィーラインフレンジー シュリンプブリトー(1個)【プレイ(P.L.A.Y)】,https://thumbnail.image.rakuten.co.jp/@0_mall/rakuten24/cabinet/855/817152019855.jpg?_ex=128x128,https://item.rakuten.co.jp/rakuten24/817152019855/
ハミガキおもちゃ たい焼き またたび入り(1個入),https://thumbnail.image.rakuten.co.jp/@0_mall/rakuten24/cabinet/932/4971453054932.jpg?_ex=128x128,https://item.rakuten.co.jp/rakuten24/e488522h/
らんじゅ 無限アレンジ！ねこの秘密基地 キューブ(1個)【らんじゅ(L’ange)】,https://thumbnail.image.rakuten.co.jp/@0_mall/rakuten24/cabinet/808/4571347043808.jpg?_ex=128x128,https://item.rakuten.co.jp/rakuten24/4571347043808/
キャティーマン 絶景リゾートテラス(1個)【キャティーマン】,https://thumbnail.image.rakuten.co.jp/@0_mall/rakuten24/cabinet/117/4976555879117.jpg?_ex=128x128,https://item.rakuten.co.jp/rakuten24/4976555879117/
クリーンミュウ ミュウミュウつめみがき 2Wayボックスタイプ(1個)【クリーンミュウ】,https://thumbnail.image.rakuten.co.jp/@0_mall/rakuten24/cabinet/823/4990968316823.jpg?_ex=128x128,https://item.rakuten.co.jp/rakuten24/4990968316823/
プレイ フィーラインフレンジ スシ(1セット)【プレイ(P.L.A.Y)】,https://thumbnail.image.rakuten.co.jp/@0_mall/rakuten24/cabinet/670/817152016670.jpg?_ex=128x128,https://item.rakuten.co.jp/rakuten24/817152016670/
ループライト スパークルボール BOX(30個入)【ループライト】,https://thumbnail.image.rakuten.co.jp/@0_mall/rakuten24/cabinet/906/4571357078906.jpg?_ex=128x128,https://item.rakuten.co.jp/rakuten24/4571357078906/
ペティオ necoco ナチュラルロープじゃらし ふわふわフェザー(1コ入)【ペティオ(Petio)】,https://thumbnail.image.rakuten.co.jp/@0_mall/rakuten24/cabinet/748/4903588255748.jpg?_ex=128x128,https://item.rakuten.co.jp/rakuten24/4903588255748/
ふみふみにゃんこ 赤(1コ入)【アトリエ KAZE】,https://thumbnail.image.rakuten.co.jp/@0_mall/rakuten24/cabinet/969/4582205772969.jpg?_ex=128x128,https://item.rakuten.co.jp/rakuten24/4582205772969/
プレインスクイーク バックヤード リス(1コ入),https://thumbnail.image.rakuten.co.jp/@0_mall/rakuten24/cabinet/887/780824107887.jpg?_ex=128x128,https://item.rakuten.co.jp/rakuten24/e243776h/
ペティオ エビのなりきりシャカシャカ通りぬけ袋(1個)【ペティオ(Petio)】,https://thumbnail.image.rakuten.co.jp/@0_mall/rakuten24/cabinet/448/4903588269448.jpg?_ex=128x128,https://item.rakuten.co.jp/rakuten24/4903588269448/
ループファニーズ ミスティックバード パープル(1個)【ループファニーズ】,https://thumbnail.image.rakuten.co.jp/@0_mall/rakuten24/cabinet/845/4571357078845.jpg?_ex=128x128,https://item.rakuten.co.jp/rakuten24/4571357078845/
ねこモテ スリスリにゃー シート(1枚)【ねこモテ】,https://thumbnail.image.rakuten.co.jp/@0_mall/rakuten24/cabinet/704/4994527917704.jpg?_ex=128x128,https://item.rakuten.co.jp/rakuten24/4994527917704/
ペティオ 猫用おもちゃ necoco レザー猫ボール(2個セット)【ペティオ(Petio)】,https://thumbnail.image.rakuten.co.jp/@0_mall/rakuten24/cabinet/020/4903588265020.jpg?_ex=128x128,https://item.rakuten.co.jp/rakuten24/4903588265020/
またたびコンビネーションボール CT-432(1コ入)【ニャン太】,https://thumbnail.image.rakuten.co.jp/@0_mall/rakuten24/cabinet/372/4906456563372.jpg?_ex=128x128,https://item.rakuten.co.jp/rakuten24/e522598h/
ドギーマン じゃれ猫 LEDニャンだろ〜？！光線(1個)【キャティーマン】,https://thumbnail.image.rakuten.co.jp/@0_mall/rakuten24/cabinet/174/4976555845174.jpg?_ex=128x128,https://item.rakuten.co.jp/rakuten24/4976555845174/
またたびじゃらし クジャクの羽根 CT-433(1コ入)【ニャン太】,https://thumbnail.image.rakuten.co.jp/@0_mall/rakuten24/cabinet/389/4906456563389.jpg?_ex=128x128,https://item.rakuten.co.jp/rakuten24/e522599h/
【企画品】ねこモテ マタタビおもちゃでプロレスセット(1セット)【ねこモテ】,https://thumbnail.image.rakuten.co.jp/@0_mall/rakuten24/cabinet/003/9003455740003.jpg?_ex=128x128,https://item.rakuten.co.jp/rakuten24/9003455740003/
ループファニーズ フォレストチップ(1個)【ループファニーズ】,https://thumbnail.image.rakuten.co.jp/@0_mall/rakuten24/cabinet/760/4571357078760.jpg?_ex=128x128,https://item.rakuten.co.jp/rakuten24/4571357078760/
プレイ フィーラインフレンジー ツナバゲット(1個)【プレイ(P.L.A.Y)】,https://thumbnail.image.rakuten.co.jp/@0_mall/rakuten24/cabinet/848/817152019848.jpg?_ex=128x128,https://item.rakuten.co.jp/rakuten24/817152019848/
キャティーマン じゃれ猫 キャティーパーティー きらカシャボール(3袋セット)【キャティーマン】,https://thumbnail.image.rakuten.co.jp/@0_mall/rakuten24/cabinet/193/84193.jpg?_ex=128x128,https://item.rakuten.co.jp/rakuten24/84193/
ペティオ ワイルドマウス フライング バタフライ(1コ入)【ペティオ(Petio)】,https://thumbnail.image.rakuten.co.jp/@0_mall/rakuten24/cabinet/074/4903588246074.jpg?_ex=128x128,https://item.rakuten.co.jp/rakuten24/4903588246074/
ループ キャットフレンディ ヒトデ(1個)【ループ】,https://thumbnail.image.rakuten.co.jp/@0_mall/rakuten24/cabinet/647/4571357078647.jpg?_ex=128x128,https://item.rakuten.co.jp/rakuten24/4571357078647/
キャティーマン じゃれ猫 おいしく遊ぼーる(1コ入)【キャティーマン】,https://thumbnail.image.rakuten.co.jp/@0_mall/rakuten24/cabinet/545/4976555843545.jpg?_ex=128x128,https://item.rakuten.co.jp/rakuten24/e503164h/
ループファニーズ フォレストバード グリーン(1個)【ループファニーズ】,https://thumbnail.image.rakuten.co.jp/@0_mall/rakuten24/cabinet/807/4571357078807.jpg?_ex=128x128,https://item.rakuten.co.jp/rakuten24/4571357078807/
キャティーマン あごのせ猫枕 とらニャン(1コ入)【キャティーマン】,https://thumbnail.image.rakuten.co.jp/@0_mall/rakuten24/cabinet/479/4976555878479.jpg?_ex=128x128,https://item.rakuten.co.jp/rakuten24/e503184h/
ループファニーズ パッズ ピンク(1個)【ループファニーズ】,https://thumbnail.image.rakuten.co.jp/@0_mall/rakuten24/cabinet/913/4571357078913.jpg?_ex=128x128,https://item.rakuten.co.jp/rakuten24/4571357078913/
ループ ファニーズ メリーズフィッシュ(1個)【ループファニーズ】,https://thumbnail.image.rakuten.co.jp/@0_mall/rakuten24/cabinet/849/4571357070849.jpg?_ex=128x128,https://item.rakuten.co.jp/rakuten24/4571357070849/
ループライト モコボールBOX(60個入)【ループライト】,https://thumbnail.image.rakuten.co.jp/@0_mall/rakuten24/cabinet/852/4571357065852.jpg?_ex=128x128,https://item.rakuten.co.jp/rakuten24/4571357065852/
